Date,COPPER,LEAD,Tin,NICKEL,Zinc,GOLD,PLATINUM,SILVER
2026-04-01,12950.96,1929.85,48805.89,17961.6,3363.81,4721.42,2027.66,75.86
2026-03-01,12528.71,1878.19,47323.68,17076.29,3182.26,4855.54,2046.01,77.881
2026-02-01,12951.35,1917.43,48694.34,17173.1,3323.71,5019.97,2137.33,81.946
2026-01-01,13012.0,1994.54,49538.44,17768.5,3212.68,4752.75,2433.83,92.062
2025-12-01,11785.25,1939.79,41219.52,14883.99,3167.87,4309.23,1893.43,62.342
2025-11-01,10812.03,1998.48,36963.22,14670.77,3176.84,4087.19,1564.79,50.432
2025-10-01,10739.91,1967.54,36011.92,15092.12,3152.0,4058.33,1615.55,49.439
2025-09-01,9983.79,1954.98,34483.91,15105.64,2932.96,3667.68,1434.91,42.816
2025-08-01,9669.56,1946.67,33833.76,14949.25,2789.15,3368.03,1342.53,38.185
2025-07-01,9770.58,1993.17,33610.26,15034.02,2762.56,3340.15,1390.99,37.698
2025-06-01,9835.07,1973.86,32544.03,15003.11,2654.65,3352.66,1251.48,36.005
2025-05-01,9532.98,1957.75,31981.17,15345.79,2644.37,3309.49,979.5,32.763
2025-04-01,9176.8,1903.46,32565.05,15113.29,2621.55,3217.64,958.81,32.225
2025-03-01,9739.68,2033.21,34047.87,16065.69,2889.29,2983.25,980.05,33.188
2025-02-01,9330.6,1956.55,31832.96,15288.09,2800.14,2894.73,978.25,32.152
2025-01-01,8991.41,1921.36,29612.36,15394.14,2818.96,2709.69,949.23,30.411
2024-12-01,8916.32,1990.43,28864.99,15444.89,3034.16,2648.01,937.88,30.764
2024-11-01,9075.73,1987.53,29654.89,15723.06,3004.2,2651.13,965.53,31.094
2024-10-01,9533.99,2034.0,32012.43,16765.8,3105.77,2690.08,998.91,32.416
2024-09-01,9237.48,2000.31,31471.69,16076.74,2837.02,2570.55,966.7,30.131
2024-08-01,8971.96,1994.63,31491.65,16292.12,2714.08,2470.15,945.36,28.53
2024-07-01,9385.31,2106.94,31860.47,16334.88,2777.27,2398.2,978.8,29.773
2024-06-01,9648.17,2147.1,32032.7,17498.01,2809.19,2326.44,985.08,29.577
2024-05-01,10139.33,2220.81,32977.51,19586.98,2959.13,2351.13,1014.68,29.36
2024-04-01,9464.43,2129.46,31774.5,18163.95,2732.74,2331.45,940.18,27.494
2024-03-01,8689.13,2056.2,27450.46,17438.83,2461.04,2158.01,908.75,24.518
2024-02-01,8304.95,2079.83,26104.1,16338.46,2360.09,2023.24,894.29,22.657
2024-01-01,8338.88,2086.12,25099.84,16103.83,2515.42,2034.04,925.86,22.916
2023-12-01,8399.94,2026.91,24600.26,16460.84,2502.39,2026.18,935.47,23.878
2023-11-01,8189.59,2188.46,24167.86,17027.36,2543.61,1984.11,905.75,23.488
2023-10-01,7937.18,2133.72,24536.07,18281.23,2448.56,1916.25,891.9,22.379
2023-09-01,8276.71,2252.1,25573.93,19644.64,2495.5,1915.95,920.9,23.101
2023-08-01,8349.13,2153.84,26074.87,20438.65,2406.72,1918.7,925.0,23.437
2023-07-01,8476.68,2109.12,28743.14,21091.26,2404.65,1951.02,950.42,24.256
2023-06-01,8396.52,2122.89,27216.68,21233.28,2375.45,1942.9,970.64,23.417
2023-05-01,8217.47,2083.6,25533.8,21970.39,2475.7,1992.13,1062.73,24.267
2023-04-01,8809.42,2149.43,25793.75,23894.56,2767.56,1999.77,1050.74,25.01
2023-03-01,8856.31,2115.18,23999.96,23288.61,2967.46,1912.73,970.61,21.976
2023-02-01,8936.59,2093.06,26862.9,26727.95,3133.84,1854.54,958.85,21.921
2023-01-01,9037.95,2201.26,28154.14,28194.61,3309.81,1897.71,1053.25,23.653
2022-12-01,8375.4,2216.48,24172.37,28946.81,3129.48,1797.55,1010.95,23.326
2022-11-01,8049.86,2099.99,21249.5,25562.7,2938.92,1725.07,989.05,21.018
2022-10-01,7651.08,1999.86,19391.17,22032.89,2967.21,1664.45,914.67,19.426
2022-09-01,7746.01,1870.1,21124.04,22773.97,3124.97,1680.78,881.24,18.944
2022-08-01,7981.84,2072.72,24647.48,22057.39,3587.57,1764.56,908.65,19.724
2022-07-01,7544.81,1985.2,25395.77,21481.89,3105.36,1732.74,869.25,19.075
2022-06-01,9024.46,2066.38,31559.31,25658.63,3629.73,1836.57,956.59,21.556
2022-05-01,9377.15,2142.48,35769.39,28062.55,3751.48,1848.5,958.38,21.905
2022-04-01,10161.38,2380.41,42991.11,33132.74,4360.43,1936.86,965.0,24.545
2022-03-01,10230.89,2344.84,43949.67,33924.18,3962.21,1947.83,1043.26,25.314
2022-02-01,9943.17,2296.86,43983.35,24015.55,3620.04,1856.3,1049.4,23.542
2022-01-01,9782.34,2331.85,41791.7,22355.4,3599.14,1816.02,994.15,23.158
2021-12-01,9551.18,2301.69,39422.52,20015.55,3399.21,1790.43,944.59,22.532
2021-11-01,9728.9,2329.98,39158.69,19932.86,3311.27,1821.76,1038.05,24.175
2021-10-01,9829.22,2344.83,37722.92,19362.39,3359.91,1776.85,1017.1,23.413
2021-09-01,9324.71,2248.3,34887.3,19376.88,3036.02,1775.14,973.19,23.185
2021-08-01,9370.14,2414.47,35024.0,19141.3,2987.95,1785.28,1008.73,23.986
2021-07-01,9450.82,2337.51,34020.18,18818.51,2947.52,1807.84,1086.48,25.677
2021-06-01,9631.5,2191.03,32502.55,17979.57,2951.85,1834.57,1124.0,26.995
2021-05-01,10161.97,2181.81,32246.21,17577.06,2965.73,1850.26,1214.0,27.504
2021-04-01,9324.82,2011.92,28328.42,16521.25,2829.01,1760.04,1208.81,25.687
2021-03-01,8988.25,1948.0,27061.0,16406.66,2791.94,1718.23,1181.0,25.648
2021-02-01,8470.94,2080.11,26315.75,18584.38,2744.5,1808.17,1206.7,27.293
2021-01-01,7972.15,2014.73,21920.24,17863.18,2705.34,1866.98,1090.95,25.88
2020-12-01,7772.24,2020.47,19731.96,16823.04,2779.85,1858.42,1028.0,24.968
2020-11-01,7068.91,1915.62,18522.48,15807.73,2671.6,1866.3,911.55,24.079
2020-10-01,6713.81,1776.27,18176.59,15239.36,2440.65,1900.27,876.27,24.23
2020-09-01,6704.9,1872.91,17951.26,14857.49,2442.46,1921.92,907.62,25.742
2020-08-01,6498.94,1935.73,17650.03,14537.75,2410.05,1968.63,940.33,27.003
2020-07-01,6372.46,1817.93,17469.92,13402.3,2177.2,1846.51,864.64,20.647
2020-06-01,5754.6,1744.84,16837.84,12727.15,2025.71,1732.22,820.77,17.713
2020-05-01,5239.83,1626.34,15401.92,12179.61,1975.32,1715.91,790.22,16.256
2020-04-01,5057.97,1657.55,14952.8,11804.01,1903.37,1683.17,753.86,15.065
2020-03-01,5182.63,1734.44,15290.91,11846.23,1903.63,1591.93,759.0,14.884
2020-02-01,5687.75,1872.54,16480.3,12715.55,2113.24,1597.1,961.1,17.88
2020-01-01,6031.21,1923.93,17029.18,13506.86,2354.31,1560.67,987.36,17.972
2019-12-01,6077.06,1900.54,17141.05,13829.42,2272.54,1479.13,924.25,17.138
2019-11-01,5859.95,2021.15,16335.48,15171.81,2425.48,1470.79,901.8,17.165
2019-10-01,5757.3,2184.09,16603.39,17046.22,2451.65,1494.81,897.26,17.645
2019-09-01,5759.25,2071.85,16830.62,17656.88,2331.56,1510.58,944.7,18.16
2019-08-01,5709.44,2044.55,16608.99,15748.64,2273.01,1500.41,859.14,17.224
2019-07-01,5941.2,1975.64,17977.85,13546.3,2446.51,1412.89,843.95,15.791
2019-06-01,5882.23,1899.7,19193.2,11943.94,2601.22,1359.04,808.2,15.036
2019-05-01,6017.9,1815.19,19523.9,12016.31,2742.81,1283.7,833.55,14.662
2019-04-01,6438.36,1938.99,20604.3,12772.79,2932.65,1285.91,887.29,15.055
2019-03-01,6439.46,2046.46,21393.4,13026.27,2850.6,1300.9,842.81,15.296
2019-02-01,6300.49,2062.79,21263.95,12685.23,2707.19,1320.07,818.15,15.815
2019-01-01,5939.1,1997.14,20457.75,11523.09,2569.7,1291.75,806.77,15.624
2018-12-01,6075.32,1972.32,19259.58,10835.08,2616.29,1250.4,791.16,14.772
2018-11-01,6195.92,1937.11,19064.86,11239.72,2595.69,1220.65,846.19,14.353
2018-10-01,6219.59,1987.55,19121.48,12314.91,2673.67,1215.39,829.87,14.597
2018-09-01,6050.76,2022.91,18967.13,12510.35,2434.68,1198.39,804.79,14.272
2018-08-01,6051.05,2053.53,19228.77,13411.35,2512.0,1201.71,804.91,14.987
2018-07-01,6250.75,2207.02,19729.8,13793.86,2656.13,1237.71,832.0,15.723
2018-06-01,6965.86,2436.29,20660.52,15105.65,3088.57,1281.57,884.9,16.541
2018-05-01,6825.27,2360.93,20858.83,14366.49,3059.87,1303.45,904.73,16.49
2018-04-01,6851.51,2352.41,21291.1,13938.1,3188.05,1334.76,924.05,16.648
2018-03-01,6799.18,2390.0,21211.94,13392.5,3269.18,1324.66,954.57,16.473
2018-02-01,7006.52,2581.06,21651.55,13595.88,3532.9,1330.73,987.26,16.582
2018-01-01,7065.85,2584.09,20696.91,12864.88,3441.52,1331.3,990.12,17.127
2017-12-01,6833.89,2509.92,19476.37,11495.11,3195.95,1264.45,907.2,16.165
2017-11-01,6826.55,2461.43,19557.52,11972.0,3229.31,1281.9,934.05,16.977
2017-10-01,6807.6,2498.22,20376.09,11335.77,3264.6,1279.51,921.0,16.941
2017-09-01,6577.17,2374.39,20796.62,11215.79,3116.86,1314.07,964.1,17.432
2017-08-01,6485.63,2348.47,20521.0,10889.98,2980.73,1283.04,972.7,16.952
2017-07-01,5985.12,2269.86,20223.48,9491.39,2787.19,1236.84,918.9,16.152
2017-06-01,5719.76,2132.93,19658.84,8931.76,2573.4,1260.26,930.73,16.931
2017-05-01,5599.56,2125.11,20200.33,9155.12,2590.21,1246.04,930.27,16.745
2017-04-01,5683.9,2220.61,19910.32,9609.28,2614.92,1266.88,960.84,18.033
2017-03-01,5824.63,2280.92,19875.2,10204.66,2776.88,1231.42,962.87,17.631
2017-02-01,5940.91,2311.5,19446.47,10643.3,2845.55,1234.2,1007.63,17.933
2017-01-01,5754.56,2242.62,20691.79,9971.46,2714.8,1192.1,971.15,16.902
2016-12-01,5660.35,2209.84,21204.35,10972.27,2664.81,1157.36,918.38,16.432
2016-11-01,5450.93,2180.58,21126.09,11128.91,2566.2,1238.35,955.14,17.407
2016-10-01,4731.26,2024.49,20099.76,10259.74,2311.5,1266.55,959.14,17.655
2016-09-01,4722.2,1947.64,19499.52,10191.78,2292.31,1326.61,1046.71,19.357
2016-08-01,4751.67,1835.52,18427.02,10335.99,2279.14,1340.17,1121.65,19.587
2016-07-01,4864.9,1834.79,17826.23,10262.86,2183.25,1336.66,1087.5,19.992
2016-06-01,4641.97,1712.77,16966.69,8928.35,2026.19,1276.4,984.14,17.286
2016-05-01,4694.54,1707.8,16706.95,8660.35,1869.03,1260.95,1035.86,16.947
2016-04-01,4872.74,1732.27,17032.71,8878.86,1855.37,1242.26,994.19,16.36
2016-03-01,4953.8,1802.19,16897.6,8717.25,1801.69,1245.14,967.73,15.465
2016-02-01,4598.62,1765.75,15610.14,8298.5,1709.85,1199.5,919.35,15.167
2016-01-01,4471.79,1646.2,13808.08,8507.29,1520.36,1097.91,855.25,14.106
2015-12-01,4638.83,1706.58,14691.69,8707.79,1527.79,1075.74,859.82,14.127
2015-11-01,4799.9,1618.35,14745.29,9244.33,1583.31,1086.44,885.2,14.452
2015-10-01,5216.09,1720.11,15794.61,10316.83,1724.34,1159.25,976.91,15.813
2015-09-01,5217.25,1684.25,15453.34,9937.55,1720.23,1124.77,964.38,14.75
2015-08-01,5127.3,1703.6,15163.77,10386.0,1807.64,1117.93,984.1,14.941
2015-07-01,5456.75,1763.04,15071.53,11413.1,2000.68,1128.31,1009.27,15.053
2015-06-01,5833.01,1829.5,15064.94,12825.23,2082.09,1181.5,1088.82,16.075
2015-05-01,6294.78,1991.78,15803.59,13511.34,2281.8,1198.63,1140.4,16.833
2015-04-01,6042.09,2005.36,15900.88,12830.92,2212.72,1198.93,1151.29,16.341
2015-03-01,5939.67,1792.47,17421.91,13755.5,2028.73,1178.63,1138.64,16.24
2015-02-01,5729.27,1795.66,18233.91,14573.84,2097.76,1227.08,1197.16,16.787
2015-01-01,5830.54,1843.13,19454.12,14849.19,2113.05,1250.75,1242.45,17.236
2014-12-01,6446.45,1938.11,19829.71,15962.05,2175.76,1200.62,1215.32,16.295
2014-11-01,6712.85,2030.18,20033.47,15807.05,2253.22,1175.33,1208.32,15.966
2014-10-01,6737.48,2034.26,19830.41,15812.37,2276.83,1222.49,1259.76,17.163
2014-09-01,6872.22,2117.24,21090.52,18034.8,2294.59,1236.55,1359.48,18.369
2014-08-01,7001.84,2236.84,22231.05,18600.2,2326.99,1295.13,1446.33,19.736
2014-07-01,7113.38,2193.24,22424.01,19117.65,2310.62,1310.59,1492.18,20.923
2014-06-01,6821.14,2106.94,22762.0,18628.81,2128.1,1279.1,1452.76,19.892
2014-05-01,6891.13,2097.32,23271.25,19401.08,2058.97,1288.74,1456.27,19.342
2014-04-01,6673.56,2087.09,23405.2,17373.6,2027.21,1298.45,1430.33,19.736
2014-03-01,6650.04,2053.08,23024.31,15678.1,2007.9,1336.08,1451.62,20.716
2014-02-01,7149.21,2108.03,22820.67,14203.55,2034.53,1299.58,1409.53,20.845
2014-01-01,7291.47,2143.17,22063.86,14101.25,2036.93,1244.27,1420.95,19.875
2013-12-01,7214.9,2136.7275,22762.125,13924.55,1974.975,1221.5119047619,1355.66666666667,19.67
2013-11-01,7070.65476190476,2089.55952380952,22826.880952381,13684.0119047619,1866.41666666667,1275.86,1420.1,20.7576
2013-10-01,7203.02173913043,2115.42826086957,23101.5869565217,14117.652173913,1884.83695652174,1316.58,1413.48,21.917
2013-09-01,7159.26904761905,2084.91904761905,22735.0714285714,13801.3928571429,1846.88095238095,1348.6,1456.86,22.5638
2013-08-01,7192.92045454545,2174.18181818182,21644.4318181818,14314.9318181818,1898.81818181818,1351.74181818182,1496.09090909091,21.89386363636
2013-07-01,6906.64130434783,2047.72826086957,19563.8260869565,13750.3152173913,1837.61956521739,1285.51565217391,1401.47826086957,19.7102173913
2013-06-01,7000.2375,2099.6875,20267.4,14280.275,1839.0125,1343.35,1430.23,21.109
2013-05-01,7249.41304347826,2032.97826086957,20775.8260869565,14947.9565217391,1831.55434782609,1414.02695652174,1475.17391304348,23.03826086957
2013-04-01,7234.27954545454,2027.38636363636,21662.25,15672.9545454545,1856.00454545455,1487.85727272727,1493.06818181818,25.355
2013-03-01,7645.58333333333,2169.41666666667,23296.5238095238,16724.9285714286,1926.07142857143,1593.08619047619,1582.95238095238,28.79095238095
2013-02-01,8060.925,2365.7875,24211.7375,17690.1,2128.6875,1627.57,1674.55,30.3288
2013-01-01,8047.36,2333.68,24545.9,17472.5,2032.2,1671.84782608696,1638.89130434783,31.06173913043
2012-12-01,7966.48684210526,2279.80263157895,22880.8947368421,17448.5,2040.42894736842,1684.762,1582.25,31.8745
2012-11-01,7711.22727272727,2181.96590909091,20713.0681818182,16335.3636363636,1912.39772727273,1721.64,1576.36,32.7732
2012-10-01,8062.03,2141.97,21233.7,17168.74,1903.96,1746.58,1635.83,33.1874
2012-09-01,8087.74,2177.67,20771.26,17287.96,2009.85,1744.81,1623.65,33.6085
2012-08-01,7515.53260869565,1900.61956521739,18772.6195652174,15735.2065217391,1818.16304347826,1630.31,1453.26,28.8002
2012-07-01,7584.26136363636,1881.47727272727,18546.0909090909,16128.4090909091,1847.75,1594.29,1425.82,27.4318
2012-06-01,7423.02380952381,1854.15238095238,19271.0714285714,16549.1428571429,1858.70238095238,1598.76,1443.86,27.9836
2012-05-01,7955.64285714286,2012.82142857143,20405.2380952381,17068.1904761905,1936.0,1589.04,1470.7,28.7196
2012-04-01,8289.48,2071.07,22200.62,17939.79,2002.14,1649.2,1585.81,31.5255
2012-03-01,8470.78,2056.69,22985.43,18660.81,2035.92,1675.95,1655.41,32.9532
2012-02-01,8441.49,2121.26,24293.31,20393.67,2057.79,1744.82,1657.76,34.1405
2012-01-01,8040.47,2096.16,21438.63,19854.77,1981.86,1654.05,1499.32,30.6509
2011-12-01,7565.48,2022.35,19375.01,18266.76,1904.73,1639.97,1454.59,30.3032
2011-11-01,7581.02,1994.22,21291.7,17873.0,1935.32,1739.0,1596.98,33.0818
2011-10-01,7394.19,1960.38,21868.64,19039.05,1871.42,1666.43,1535.19,31.9748
2011-09-01,8300.14,2287.67,22526.6,20377.59,2075.22,1772.14,1748.11,38.1545
2011-08-01,9000.76,2397.28,24042.43,21845.09,2200.17,1759.01,1804.7,40.3313
2011-07-01,9650.46,2681.02,27398.1,23847.95,2397.75,1572.75,1759.76,37.9171
2011-06-01,9066.85,2524.99,25519.68,22420.93,2234.47,1529.36,1768.5,35.795
2011-05-01,8959.9,2428.32,28676.45,24236.73,2167.35,1512.58,1786.55,37.3359
2011-04-01,9492.79,2701.17,32363.31,26408.33,2362.22,1480.89,1797.9,42.6952
2011-03-01,9503.36,2624.02,30590.93,26710.35,2341.48,1423.26,1770.17,35.8135
2011-02-01,9867.6,2586.675,31526.0,28252.25,2465.125,1374.68,1825.9,30.7785
2011-01-01,9555.7,2601.65,27465.25,25646.25,2371.55,1360.46,1785.43,28.5086
2010-12-01,9147.262,2412.929,26163.333,24111.19,2280.929,1390.553,1711.39,29.3248
2010-11-01,8469.886,2376.727,25519.091,22909.318,2291.682,1369.886,1692.77,26.5409
2010-10-01,8292.405,2379.667,26342.619,23807.381,2372.143,1342.024,1688.69,23.3933
2010-09-01,7709.295,2184.227,22701.136,22643.409,2151.409,1270.977,1591.75,20.5498
2010-08-01,7283.952,2075.238,20754.762,21413.333,2044.571,1215.81,1540.59,18.3877
2010-07-01,6735.25,1836.977,18191.364,19517.5,1843.886,1192.966,1525.59,17.9605
2010-06-01,6499.295,1703.955,17319.773,19388.636,1742.841,1232.92,1553.23,18.4548
2010-05-01,6837.684,1882.684,17566.053,22008.158,1968.368,1205.434,1624.86,18.4333
2010-04-01,7745.075,2264.85,18683.5,26030.75,2366.675,1148.688,1710.5,18.0623
2010-03-01,7462.826,2172.087,17549.348,22461.304,2275.065,1113.337,1599.43,17.1061
2010-02-01,6848.175,2123.675,16361.75,18976.0,2156.9,1095.413,1520.35,15.873
2010-01-01,7386.25,2368.375,17714.75,18439.25,2434.45,1117.963,1557.9,17.749
2009-12-01,6981.714,2328.524,15546.905,17066.429,2375.952,1134.724,1437.48,17.6422
2009-11-01,6675.595,2308.762,14942.381,16991.19,2193.381,1127.036,1400.62,17.8213
2009-10-01,6287.977,2240.773,15008.864,18525.227,2071.591,1043.159,1332.77,17.2361
2009-09-01,6196.432,2204.545,14869.091,17473.182,1884.023,996.591,1288.7,16.3895
2009-08-01,6165.3,1900.1,14869.75,19641.75,1821.675,949.375,1244.57,14.3567
2009-07-01,5215.543,1678.609,14038.913,15984.565,1578.609,934.228,1162.26,13.3617
2009-06-01,5013.955,1674.455,14985.682,14960.455,1557.273,945.67,1217.86,14.6543
2009-05-01,4568.632,1440.158,13793.421,12634.737,1483.789,928.645,1128.67,13.9838
2009-04-01,4406.55,1383.1,11743.5,11166.0,1378.85,890.2,1165.45,12.4793
2009-03-01,3749.75,1238.909,10675.909,9696.364,1216.75,924.273,1081.77,13.1168
2009-02-01,3314.725,1100.525,11039.25,10408.75,1112.075,943.0,1033.25,13.4125
2009-01-01,3220.69,1132.738,11372.857,11306.905,1187.405,858.69,947.41,11.2682
2008-12-01,3071.976,962.881,11240.0,9686.429,1100.571,816.092,839.7,10.2857
2008-11-01,3717.0,1291.1,13643.5,10701.5,1152.6,760.863,840.3,9.8652
2008-10-01,4925.696,1480.109,14401.739,12139.783,1302.109,806.62,912.57,10.4413
2008-09-01,6990.864,1868.364,18368.864,17794.545,1735.477,829.932,1223.18,12.373
2008-08-01,7634.7,1923.575,20026.25,18927.75,1723.275,839.025,1485.55,14.635
2008-07-01,8414.043,1944.913,23139.348,20160.217,1852.37,939.772,1904.43,18.0339
2008-06-01,8260.595,1863.048,22229.286,22549.048,1894.476,889.488,2039.24,16.969
2008-05-01,8382.75,2234.625,24062.25,25735.0,2182.1,888.663,2052.45,17.06
2008-04-01,8684.932,2822.75,21658.636,28763.182,2263.795,909.705,1988.41,17.5
2008-03-01,8439.289,3008.579,19803.947,31225.263,2511.474,968.434,2025.19,19.3174
2008-02-01,7887.69,3079.881,17210.0,27955.476,2438.143,922.298,1999.67,17.569
2008-01-01,7061.023,2608.136,16337.273,27689.545,2340.114,889.595,1583.3,15.9089
2007-12-01,6587.667,2596.028,16263.056,25991.944,2353.083,803.203,1492.9,14.3036
2007-11-01,6966.705,3328.182,16691.818,30610.227,2541.318,806.248,1448.73,14.7016
2007-10-01,8008.435,3719.717,16071.304,31055.435,2975.326,754.604,1410.7,13.6704
2007-09-01,7648.975,3226.55,15023.0,29537.5,2881.4,712.653,1307.65,12.8335
2007-08-01,7513.5,3119.455,15174.318,27652.273,3252.523,665.411,1263.61,12.3343
2007-07-01,7972.57,3082.76,14737.84,33425.682,3545.58,665.38,1303.02,12.9093
2007-06-01,7474.38,2425.2,14099.76,41718.571,3602.85,655.66,1286.24,13.1443
2007-05-01,7681.42,2101.25,14140.0,52179.048,3831.26,667.31,1300.65,13.1478
2007-04-01,7766.474,2000.947,14052.895,50266.842,3557.474,679.368,1275.81,13.7233
2007-03-01,6452.477,1914.045,13892.955,46324.773,3271.295,654.895,1218.77,13.1843
2007-02-01,5676.45,1779.6,12933.25,41184.25,3309.5,664.745,1204.55,13.91
2007-01-01,5669.659,1666.091,11361.818,36811.136,3786.682,631.166,1146.65,12.8413
2006-12-01,6675.105,1725.5,11158.684,34570.263,4405.395,629.791,1121.19,13.2786
2006-11-01,7029.182,1624.523,10079.091,32113.864,4382.227,627.827,1183.0,12.9311
2006-10-01,7500.386,1531.136,9768.182,32702.955,3822.955,585.78,1082.45,11.5586
2006-09-01,7602.357,1342.381,9039.286,30130.714,3403.024,598.186,1183.6,11.6769
2006-08-01,7695.659,1174.136,8502.045,30743.636,3347.295,632.593,1233.52,12.1874
2006-07-01,7712.095,1052.381,8418.571,26586.19,3339.857,633.71,1228.83,11.2324
2006-06-01,7197.614,963.864,7896.364,20754.545,3225.682,596.145,1188.55,10.7964
2006-05-01,8045.857,1166.857,8837.381,21077.143,3565.69,675.393,1260.83,13.3772
2006-04-01,6387.778,1170.417,8853.056,17942.222,3084.778,610.653,1098.75,12.6144
2006-03-01,5102.848,1192.087,7939.565,14897.391,2416.913,557.093,1041.09,10.3838
2006-02-01,4982.4,1277.05,7826.25,14978.75,2219.375,554.995,1041.5,9.5349
2006-01-01,4734.333,1256.333,7051.429,14555.238,2090.31,549.864,1026.05,9.1391
2005-12-01,4576.775,1124.075,6713.5,13429.25,1821.825,510.097,976.59,8.627
2005-11-01,4269.341,1018.409,6160.0,12115.682,1610.932,476.666,962.61,7.8725
2005-10-01,4059.762,1004.762,6422.857,12402.857,1488.381,469.898,931.0,7.6705
2005-09-01,3857.841,933.068,6783.864,14228.182,1397.523,456.048,914.64,7.1536
2005-08-01,3797.75,887.023,7188.864,14892.727,1298.386,437.93,898.43,7.0334
2005-07-01,3614.214,854.476,7169.286,14580.714,1194.429,424.479,873.67,7.0145
2005-06-01,3524.068,986.068,7618.864,16159.545,1275.727,430.657,880.09,7.3105
2005-05-01,3249.1,988.075,8125.0,16931.5,1243.625,421.873,866.23,7.0224
2005-04-01,3394.476,985.762,8143.81,16141.905,1300.143,429.233,864.86,7.1188
2005-03-01,3379.49,1004.0,8407.39,16190.65,1372.15,433.85,866.83,7.2282
2005-02-01,3253.7,977.55,8088.75,15349.5,1326.175,423.35,864.32,7.03
2005-01-01,3170.0,953.15,7735.75,14505.0,1246.375,424.03,859.07,6.619
2004-12-01,3145.452,974.905,8553.81,13768.81,1180.214,442.079,848.24,7.085
2004-11-01,3122.795,967.795,9070.455,14045.455,1095.636,439.375,854.41,7.4926
2004-10-01,3012.238,932.762,9045.238,14404.286,1064.952,420.464,841.43,7.095
2004-09-01,2894.864,935.455,9019.545,13270.909,975.182,405.275,847.89,6.4034
2004-08-01,2846.095,921.81,9021.905,13679.524,975.81,400.51,848.68,6.66
2004-07-01,2808.432,939.591,9044.318,15023.295,988.318,398.091,809.52,6.3141
2004-06-01,2686.705,870.318,9204.773,13533.523,1021.455,392.373,807.55,5.8618
2004-05-01,2733.5,808.895,9459.474,11118.289,1028.289,383.779,809.83,5.8674
2004-04-01,2948.725,753.675,8955.75,12848.125,1032.725,403.26,880.64,7.1486
2004-03-01,3008.717,886.478,7619.783,13715.0,1105.783,406.667,899.76,7.2254
2004-02-01,2759.525,888.475,6672.75,15145.125,1087.675,404.878,846.32,6.4406
2004-01-01,2423.571,758.381,6485.0,15326.548,1017.0,413.788,849.93,6.3005
2003-12-01,2201.286,692.071,6057.619,14162.5,977.762,406.953,807.87,5.6276
2003-11-01,2055.425,622.325,5362.75,12086.5,914.525,389.91,760.38,5.1777
2003-10-01,1920.543,587.326,5236.739,11047.17,897.957,378.92,732.48,5.0022
2003-09-01,1789.523,521.273,4911.591,9965.341,818.182,378.945,705.25,5.1708
2003-08-01,1760.275,496.525,4822.5,9351.375,817.875,359.768,692.19,4.9893
2003-07-01,1710.0,514.783,4739.348,8797.391,827.543,351.02,681.52,4.797
2003-06-01,1686.5,468.024,4694.762,8874.762,790.69,356.352,661.67,4.5262
2003-05-01,1648.275,463.5,4736.75,8330.625,775.65,355.683,650.36,4.7413
2003-04-01,1587.475,437.375,4565.75,7910.125,754.65,328.18,624.91,4.4932
2003-03-01,1658.976,456.667,4604.524,8378.81,790.952,340.55,674.33,4.5283
2003-02-01,1683.8,475.825,4570.75,8623.0,785.15,358.97,681.7,4.6551
2003-01-01,1647.66,444.659,4435.68,8026.02,781.409,356.859,627.91,4.8062
2002-12-01,1595.68,443.6,4236.8,7193.16,797.7,331.92,595.44,4.6313
2002-11-01,1582.29,442.2,4230.0,7313.93,765.3,319.07,588.1,4.5108
2002-10-01,1483.76,418.2,4241.5,6804.46,754.7,316.56,580.2,4.4013
2002-09-01,1478.71,421.3,3957.4,6640.24,756.2,319.14,556.33,4.5536
2002-08-01,1479.55,423.2,3834.0,6717.14,747.6,310.26,544.84,4.5403
2002-07-01,1589.46,446.1,4331.3,7142.72,794.9,313.29,526.2,4.9186
2002-06-01,1647.53,440.0,4286.1,7119.86,767.1,321.18,554.7,4.9044
2002-05-01,1595.68,451.9,4149.8,6761.36,769.5,314.49,533.85,4.6992
2002-04-01,1590.33,472.4,4023.6,6958.21,808.2,302.68,539.2,4.5757
2002-03-01,1604.88,480.2,3842.8,6537.5,819.3,294.06,512.05,4.5393
2002-02-01,1561.9,480.0,3730.8,6029.25,771.3,295.5,471.15,4.4232
2002-01-01,1503.96,513.1,3861.9,6043.18,793.2,281.51,472.11,4.5149
2001-12-01,1471.74,483.3,4018.5,5263.82,754.7,275.85,461.73,4.3695
2001-11-01,1427.73,486.5,4041.8,5078.41,772.9,276.16,429.89,4.1226
2001-10-01,1377.28,468.1,3750.7,4825.33,761.5,283.06,431.39,4.4012
2001-09-01,1426.33,464.8,3694.5,5027.0,798.6,283.42,457.9,4.353
2001-08-01,1464.43,483.0,3895.7,5520.8,828.1,272.39,451.7,4.2208
2001-07-01,1525.21,461.6,4350.9,5937.05,852.4,267.53,530.84,4.2543
2001-06-01,1608.45,444.1,4828.3,6641.19,894.9,270.23,579.72,4.3738
2001-05-01,1682.21,466.7,4945.0,7060.83,938.0,272.36,610.7,4.4333
2001-04-01,1664.16,477.5,4949.2,6329.87,969.4,260.48,594.86,4.365
2001-03-01,1738.77,498.4,5046.4,6133.52,1004.7,263.03,584.23,4.404
2001-02-01,1765.65,501.8,5121.8,6524.13,1020.9,261.87,600.92,4.5574
2001-01-01,1787.5,478.1,5170.5,6994.77,1033.1,265.49,620.47,4.6571
2000-12-01,1850.55,462.3,5233.7,7314.34,1059.8,271.45,609.5,4.6398
2000-11-01,1795.11,468.0,5269.5,7339.77,1059.0,266.01,593.34,4.6814
2000-10-01,1898.59,486.1,5282.3,7678.07,1095.9,270.0,579.72,4.8302
2000-09-01,1960.41,487.1,5474.3,8637.98,1224.4,273.68,591.9,4.8904
2000-08-01,1855.86,473.1,5304.8,8006.71,1169.8,274.47,577.61,4.8864
2000-07-01,1799.36,452.1,5343.8,8164.41,1136.2,281.59,560.29,4.9692
2000-06-01,1753.18,419.6,5456.8,8410.91,1117.9,285.73,559.73,4.9976
2000-05-01,1785.62,412.1,5451.2,10130.24,1156.9,275.19,525.89,4.9796
2000-04-01,1678.75,421.1,5384.4,9727.5,1127.6,279.69,497.55,5.0645
2000-03-01,1739.39,441.3,5457.8,10280.11,1116.4,286.39,479.33,5.0649
2000-02-01,1800.83,452.4,5642.1,9653.33,1094.9,299.86,519.71,5.2467
2000-01-01,1843.98,472.1,5927.8,8309.5,1178.8,284.32,441.0,5.1882
1999-12-01,1764.75,479.1,5721.3,8083.38,1183.8,283.07,439.13,5.1573
1999-11-01,1727.55,478.3,5842.1,7949.55,1147.2,293.18,434.02,5.1538
1999-10-01,1724.12,497.1,5430.7,7321.19,1148.7,310.72,421.14,5.4123
1999-09-01,1750.34,507.3,5342.5,7028.41,1193.8,264.74,370.93,5.2089
1999-08-01,1647.62,503.1,5230.2,6448.69,1130.6,256.69,350.06,5.2603
1999-07-01,1640.0,495.8,5230.0,5700.11,1072.1,256.08,349.06,5.1797
1999-06-01,1422.48,496.1,5265.9,5195.0,1000.5,261.31,356.78,5.0269
1999-05-01,1511.16,541.5,5649.2,5399.34,1040.3,276.44,356.01,5.2619
1999-04-01,1466.0,519.3,5393.0,5102.63,1019.0,282.62,357.15,5.0603
1999-03-01,1378.35,507.8,5360.2,5011.3,1030.0,285.96,369.93,5.1942
1999-02-01,1410.78,513.7,5268.5,4626.38,1017.3,287.33,364.07,5.5306
1999-01-01,1431.18,492.3,5109.8,4268.75,932.8,287.08,355.11,5.1393
1998-12-01,1473.57,501.3,5257.6,3878.21,959.2,291.68,351.79,4.8775
1998-11-01,1573.95,494.2,5478.3,4131.91,967.1,294.12,347.18,4.9733
1998-10-01,1586.39,492.8,5432.1,3871.93,940.5,295.93,342.6,5.0092
1998-09-01,1647.64,520.2,5485.7,4102.16,1000.0,288.98,361.15,4.9992
1998-08-01,1620.93,536.7,5691.5,4080.63,1029.8,284.11,369.18,5.1792
1998-07-01,1651.04,546.2,5653.7,4325.43,1040.3,292.87,378.43,5.4552
1998-06-01,1660.52,528.3,5970.0,4475.7,1009.8,292.32,355.43,5.263
1998-05-01,1732.53,543.5,5874.7,5020.0,1061.1,299.1,388.9,5.575
1998-04-01,1800.9,572.7,5714.8,5393.88,1097.0,308.29,413.75,6.341
1998-03-01,1747.98,559.8,5476.8,5395.8,1047.6,295.94,398.99,6.2429
1998-02-01,1664.8,516.4,5242.5,5386.88,1044.0,297.49,386.08,6.8069
1998-01-01,1688.45,531.6,5206.3,5491.75,1097.2,289.1,373.86,5.8871
1997-12-01,1762.33,526.6,5513.8,5945.36,1102.2,288.74,365.42,5.8368
1997-11-01,1917.45,563.4,5658.0,6139.5,1173.0,306.04,392.29,5.0779
1997-10-01,2052.26,600.3,5561.3,6380.33,1280.1,324.87,423.12,5.0348
1997-09-01,2107.3,634.3,5496.3,6503.84,1640.9,322.82,424.73,4.7319
1997-08-01,2251.2,608.1,5428.4,6761.3,1653.5,324.01,424.55,4.4964
1997-07-01,2450.46,634.3,5442.7,6835.5,1518.0,324.1,415.52,4.3724
1997-06-01,2612.62,614.9,5566.1,7062.48,1354.2,340.76,430.76,4.7569
1997-05-01,2514.33,618.6,5711.2,7482.85,1310.5,343.84,387.5,4.7496
1997-04-01,2391.18,642.5,5713.3,7315.52,1240.4,344.47,371.08,4.7726
1997-03-01,2421.29,694.6,5909.2,7895.87,1254.8,351.81,378.9,5.1962
1997-02-01,2405.85,660.2,5883.2,7734.53,1179.4,346.58,365.01,5.0722
1997-01-01,2434.93,692.3,5877.7,7071.55,1086.5,355.11,360.1,4.7747
1996-12-01,2268.08,688.8,5836.3,6580.75,1036.3,369.0,370.7,4.8264
1996-11-01,2230.86,716.6,5991.7,6943.38,1046.5,377.85,381.98,4.8332
1996-10-01,1961.17,741.9,5941.9,7031.39,1003.1,381.07,384.18,4.9276
1996-09-01,1941.45,796.4,6101.9,7318.05,1000.3,383.14,389.86,5.0388
1996-08-01,2008.57,815.7,6110.2,7054.36,1006.9,387.35,400.03,5.1354
1996-07-01,1985.57,783.7,6250.2,7203.65,1000.1,383.47,393.66,5.0653
1996-06-01,2173.4,796.5,6191.9,7709.48,1008.5,385.27,392.25,5.1615
1996-05-01,2658.26,840.2,6412.4,8026.55,1035.8,391.93,401.42,5.3652
1996-04-01,2595.78,815.0,6480.9,8042.85,1045.4,392.85,404.39,5.4209
1996-03-01,2561.02,817.9,6196.4,8021.74,1063.9,396.21,411.19,5.5241
1996-02-01,2537.71,769.7,6195.5,8215.55,1035.8,404.76,420.21,5.6567
1996-01-01,2616.41,709.5,6271.6,7862.05,1019.1,399.45,415.48,5.4605
1995-12-01,2926.26,731.6,6289.5,8090.89,1018.1,387.44,408.71,5.1769
1995-11-01,2977.36,713.6,6386.9,8505.91,1030.7,385.31,413.12,5.3151
1995-10-01,2813.55,639.1,6220.7,8061.73,979.1,383.14,412.66,5.3741
1995-09-01,2915.52,592.7,6328.1,8405.21,986.2,383.06,429.65,5.4295
1995-08-01,3036.84,623.6,6992.3,8944.66,1014.4,383.67,425.34,5.3982
1995-07-01,3075.67,621.9,6668.9,8596.57,1026.8,386.23,433.63,5.1648
1995-06-01,2994.64,611.8,6670.7,7871.57,1009.6,387.56,438.53,5.3637
1995-05-01,2773.31,596.5,5926.5,7232.19,1036.2,385.22,437.35,5.5598
1995-04-01,2903.5,608.5,5872.1,7397.83,1061.4,391.03,448.29,5.4777
1995-03-01,2924.04,585.6,5532.4,7531.91,1022.2,382.12,416.89,4.6485
1995-02-01,2877.65,579.9,5478.3,8505.45,1032.2,376.64,413.97,4.7215
1995-01-01,3008.93,666.6,6199.3,9592.55,1156.5,378.55,413.9,4.7731
1994-12-01,2985.3,634.3,5946.8,8555.5,1114.3,379.29,410.85,4.7795
1994-11-01,2802.45,667.2,6161.1,7556.14,1151.7,384.39,412.37,5.1924
1994-10-01,2547.67,641.8,5473.6,6748.29,1058.5,389.77,419.4,5.4541
1994-09-01,2505.93,613.5,5321.1,6364.75,992.4,391.58,417.28,5.5237
1994-08-01,2406.23,570.8,5161.5,5859.5,944.9,380.36,412.19,5.1972
1994-07-01,2458.19,580.1,5311.2,6226.76,964.0,385.49,411.95,5.2823
1994-06-01,2364.2,525.1,5509.2,6281.84,966.2,385.64,401.09,5.3876
1994-05-01,2150.6,473.5,5504.4,6086.65,955.6,381.43,398.01,5.4195
1994-04-01,1881.82,439.9,5385.7,5407.97,923.6,377.27,397.9,5.352
1994-03-01,1914.87,451.5,5405.4,5587.54,935.9,384.13,400.28,5.435
1994-02-01,1866.4,485.4,5443.4,5824.95,968.9,381.91,394.02,5.2473
1994-01-01,1805.35,490.1,4942.8,5577.95,996.7,386.88,387.8,5.1458
1993-12-01,1724.19,461.2,4777.9,5119.12,974.4,383.3,383.17,4.9717
1993-11-01,1630.02,400.3,4640.9,4633.89,928.4,373.83,374.41,4.5332
1993-10-01,1646.4,384.3,4681.1,4448.9,914.9,364.18,367.91,4.343
1993-09-01,1861.86,375.7,4493.6,4352.89,874.2,355.28,362.46,4.2185
1993-08-01,1947.45,388.4,4809.3,4721.81,884.0,378.84,391.9,4.8377
1993-07-01,1927.16,388.2,4972.6,5036.2,927.6,392.19,403.65,5.0194
1993-06-01,1853.42,393.9,5112.7,5532.43,926.0,371.89,383.02,4.3757
1993-05-01,1794.5,407.2,5503.5,5762.55,980.4,367.18,385.16,4.464
1993-04-01,1949.88,420.7,5590.9,5972.33,1004.6,342.15,368.01,3.9516
1993-03-01,2152.59,405.9,5659.4,5971.3,996.1,330.08,350.46,3.647
1993-02-01,2212.6,414.0,5790.9,6038.68,1072.1,329.31,359.02,3.6555
1993-01-01,2256.85,436.5,5900.9,5930.93,1061.1,329.01,359.14,3.6835
1992-12-01,2206.82,454.6,5756.2,5724.07,1057.9,334.82,361.97,3.7252
1992-11-01,2158.32,460.4,5723.0,5564.88,1046.9,335.02,356.11,3.771
1992-10-01,2249.15,537.4,6016.7,6305.3,1163.6,344.38,358.07,3.7525
1992-09-01,2414.06,621.1,6643.2,6917.5,1366.9,345.43,362.14,3.7719
1992-08-01,2521.64,654.5,6780.4,7268.0,1360.4,343.06,359.55,3.8123
1992-07-01,2520.32,626.1,6989.4,7497.9,1320.2,352.72,383.12,3.9675
1992-06-01,2299.2,548.1,6618.8,7192.8,1385.2,340.81,369.13,4.0639
1992-05-01,2216.52,520.3,6121.1,7326.8,1372.9,337.24,358.59,4.0715
1992-04-01,2215.33,532.8,5838.9,7420.6,1304.3,338.62,347.3,4.0505
1992-03-01,2227.33,521.2,5632.0,7417.7,1214.6,344.34,356.94,4.1101
1992-02-01,2205.97,505.0,5615.7,7861.9,1130.7,353.91,362.12,4.1457
1992-01-01,2139.23,514.9,5476.9,7517.3,1153.7,354.45,341.19,4.11
1991-12-01,2223.14,532.1,5510.1,7117.8,1188.0,361.73,353.3,3.9427
1991-11-01,2379.84,506.2,5505.5,7244.6,1093.3,360.17,365.11,4.0723
1991-10-01,2363.64,522.3,5549.6,7443.0,991.7,358.69,362.48,4.1154
1991-09-01,2324.57,539.8,5570.3,7680.7,1023.2,348.74,349.34,4.0375
1991-08-01,2233.19,540.2,5638.8,8144.7,1046.3,356.31,346.35,3.9573
1991-07-01,2236.28,548.1,5669.6,8541.3,1063.1,367.69,376.03,4.3475
1991-06-01,2219.28,549.4,5710.6,8280.0,1061.6,366.72,376.05,4.3898
1991-05-01,2305.88,555.2,5701.7,8452.4,1090.9,356.95,389.64,4.0462
1991-04-01,2472.04,600.9,5560.0,9021.0,1252.9,358.38,396.88,3.9755
1991-03-01,2409.63,603.0,5517.4,8700.8,1198.6,363.34,399.99,3.9428
1991-02-01,2449.38,593.8,5583.7,8672.3,1188.1,363.83,386.79,3.7376
1991-01-01,2448.52,600.4,5623.2,8568.8,1206.2,383.64,407.84,4.0517
1990-12-01,2485.38,624.8,5615.2,8157.6,1265.4,376.95,420.07,4.0751
1990-11-01,2585.89,701.2,5981.3,8587.4,1277.7,381.73,422.24,4.1729
1990-10-01,2743.56,760.9,6061.4,9145.4,1352.6,380.74,424.95,4.3891
1990-09-01,3031.37,838.5,5707.0,10844.0,1537.5,389.32,461.66,4.8038
1990-08-01,2957.03,876.1,5905.2,10957.4,1615.1,394.73,492.73,5.008
1990-07-01,2769.49,875.4,5924.4,9318.2,1637.0,362.53,478.79,4.8749
1990-06-01,2584.56,838.0,6096.0,8422.1,1714.8,352.33,481.11,4.9182
1990-05-01,2741.95,825.6,6324.6,8698.0,1774.6,369.05,488.55,5.0791
1990-04-01,2686.15,836.1,6390.9,8939.5,1685.6,374.24,478.15,5.0655
1990-03-01,2625.61,1062.3,6270.5,9266.8,1607.4,393.06,497.06,5.0766
1990-02-01,2360.16,779.8,6156.1,6976.9,1396.8,416.81,516.1,5.2893
1990-01-01,2366.64,707.8,6592.0,7055.9,1297.0,410.11,497.66,5.2462
1989-12-01,2418.6,711.0,6744.1,8809.2,1455.0,409.39,506.81,5.5688
1989-11-01,2591.3,692.8,6837.3,9793.2,1437.6,394.26,510.19,5.4833
1989-10-01,2861.4,751.8,7922.4,10424.9,1584.6,366.88,485.82,5.1449
1989-09-01,2884.4,728.1,8269.7,11222.1,1628.9,361.75,477.67,5.1338
1989-08-01,2762.2,702.3,8715.6,12909.7,1730.4,365.14,484.64,5.1823
1989-07-01,2505.0,691.6,9605.2,12275.0,1616.9,375.04,501.91,5.2167
1989-06-01,2546.01,666.1,9935.5,12142.6,1539.0,367.6,497.35,5.2707
1989-05-01,2738.98,643.4,10143.7,13454.2,1628.4,371.05,516.75,5.4531
1989-04-01,3117.91,608.1,10195.9,15261.3,1656.4,384.4,537.67,5.7926
1989-03-01,3264.14,589.2,8760.5,17157.1,1961.6,390.15,538.03,5.9592
1989-02-01,3096.92,621.6,7873.7,18523.8,1932.4,387.51,531.94,5.8847
1989-01-01,3394.06,675.7,7409.6,17725.0,1734.0,404.01,526.93,5.995
1988-12-01,3498.91,731.0,7337.4,16920.0,1594.3,419.05,564.11,6.1245
1988-11-01,3304.66,691.4,7312.4,13342.0,1559.0,420.17,575.78,6.2947
1988-10-01,2939.51,655.2,7252.7,11557.5,1519.9,406.78,525.73,6.2812
1988-09-01,2435.53,609.8,7408.5,11878.4,1330.3,413.46,512.57,6.3781
1988-08-01,2200.68,601.6,7322.7,14187.0,1309.2,431.28,532.88,6.7131
1988-07-01,2213.51,619.3,7148.8,14591.3,1237.4,437.63,548.64,7.0412
1988-06-01,2540.27,677.5,7035.8,15589.8,1365.3,451.33,579.63,7.0155
1988-05-01,2447.99,668.3,6777.6,17025.0,1176.7,451.07,548.84,6.5404
1988-04-01,2286.3,649.4,6752.6,18011.8,1069.2,451.55,526.98,6.4803
1988-03-01,2359.3,648.7,6772.9,15496.8,981.9,443.61,496.38,6.4105
1988-02-01,2330.2,655.7,6690.1,8666.9,876.4,442.07,458.51,6.3414
1988-01-01,2663.2,666.8,6808.1,8073.3,878.5,476.58,494.07,6.7446
1987-12-01,2868.9,659.1,6829.4,7661.1,866.3,486.24,500.22,6.8125
1987-11-01,2523.9,642.2,6927.3,5937.0,848.0,467.57,500.3,6.762
1987-10-01,1967.2,601.4,6763.8,5692.3,769.9,465.35,568.05,7.6074
1987-09-01,1811.01,646.8,6406.3,5333.0,756.7,460.38,590.0,7.6064
1987-08-01,1756.31,659.3,6556.1,5306.5,804.1,461.15,609.92,7.8424
1987-07-01,1694.62,663.6,6404.9,4753.2,829.8,450.52,572.35,7.6087
1987-06-01,1571.87,629.3,6610.4,4435.7,878.4,449.59,569.0,7.4164
1987-05-01,1520.44,693.3,6747.4,4435.7,838.7,460.23,606.73,8.4602
1987-04-01,1484.24,555.6,6699.8,3897.8,761.9,438.35,585.65,7.3495
1987-03-01,1465.72,487.0,6631.5,3772.1,731.6,408.91,532.63,5.6644
1987-02-01,1379.83,460.4,6688.4,3717.0,740.4,401.12,517.86,5.4842
1987-01-01,1346.0,464.1,6712.7,3525.2,759.7,408.26,515.97,5.507
1986-12-01,1335.6,518.4,6428.1,3571.5,798.2,390.92,480.61,5.3504
1986-11-01,1303.2,473.4,6092.3,3642.0,820.0,397.56,517.07,5.5513
1986-10-01,1316.8,434.6,5542.8,3644.2,886.2,423.51,581.25,5.6398
1986-09-01,1347.0,407.2,5397.2,3723.6,871.1,417.73,604.48,5.6299
1986-08-01,1303.1,392.2,5404.3,3807.4,816.0,376.66,540.33,5.1823
1986-07-01,1344.3,379.8,5386.6,3911.0,807.1,348.34,438.8,5.0259
1986-06-01,1413.14,418.4,5378.3,4087.4,804.2,342.7,432.49,5.1321
1986-05-01,1418.74,376.5,5474.2,4043.3,707.3,342.4,413.62,5.0728
1986-04-01,1434.6,369.5,5686.1,3999.2,659.9,340.44,418.39,5.188
1986-03-01,1445.1,367.2,7313.6,4122.6,625.7,345.7,413.64,5.6226
1986-02-01,1405.5,367.3,7922.9,3988.2,608.7,338.89,376.04,5.8588
1986-01-01,1418.3,368.4,7910.0,4034.5,644.0,347.48,363.76,6.0164
1985-12-01,1390.9,389.9,9114.0,4089.6,685.3,321.9,336.82,5.8522
1985-11-01,1369.5,394.2,9903.2,4034.5,597.5,321.5,334.4,6.1018
1985-10-01,1384.7,393.4,12391.1,4239.5,631.9,325.85,323.46,6.1766
1985-09-01,1366.4,400.4,12325.2,4570.2,689.5,323.35,311.15,6.0549
1985-08-01,1420.2,413.6,12647.2,4907.5,735.1,330.4,307.8,6.1511
1985-07-01,1474.6,403.1,12755.8,5090.5,766.8,317.2,268.91,5.9997
1985-06-01,1432.4,389.4,12385.8,5553.4,808.0,316.5,267.8,6.1771
1985-05-01,1530.6,376.0,11909.8,5604.1,881.3,316.0,272.38,6.2688
1985-04-01,1501.8,389.6,11806.4,5489.5,931.3,326.8,282.72,6.4446
1985-03-01,1389.9,352.0,11210.6,5211.7,920.9,313.5,260.76,5.994
1985-02-01,1388.5,368.2,10946.0,5050.8,886.6,299.1,269.4,6.0628
1985-01-01,1359.1,420.5,11073.4,4947.2,867.1,302.79,274.39,6.0992
1984-12-01,1321.1,415.6,11722.2,4859.0,859.7,319.54,304.13,6.6355
1984-11-01,1345.1,440.5,11991.2,4748.3,855.1,342.0,328.49,7.4896
1984-10-01,1273.0,412.0,11744.9,4750.3,843.7,341.0,324.34,7.2903
1984-09-01,1293.6,401.6,12091.1,4705.5,873.3,340.2,326.7,7.2533
1984-08-01,1337.5,467.4,12302.2,4736.0,834.1,347.7,339.78,7.5974
1984-07-01,1330.8,493.6,12438.7,4640.3,853.6,347.71,343.32,7.4553
1984-06-01,1366.5,484.3,12662.2,4773.2,941.5,377.7,381.55,8.7721
1984-05-01,1420.9,453.1,12582.8,4811.4,1001.3,377.4,387.86,8.9676
1984-04-01,1532.6,481.7,12445.0,4911.5,1004.1,381.37,391.62,9.2472
1984-03-01,1501.2,459.5,12406.1,4780.7,1040.6,394.26,398.43,9.648
1984-02-01,1429.8,404.5,12297.7,4639.8,998.4,385.96,391.23,9.1182
1984-01-01,1375.7,397.5,12117.8,4670.5,957.8,370.89,376.25,8.2538
1983-12-01,1415.2,402.1,12345.5,4657.0,857.0,388.34,393.22,9.1454
1983-11-01,1389.1,404.7,12772.5,4585.2,859.1,381.7,387.67,8.8122
1983-10-01,1435.2,419.4,12750.8,4674.2,859.0,393.6,395.87,9.8867
1983-09-01,1560.7,404.7,12755.3,4910.6,837.8,411.8,431.11,11.9562
1983-08-01,1639.8,398.0,12826.0,4852.8,808.9,416.2,435.56,12.0626
1983-07-01,1704.3,403.3,13193.0,4804.1,739.8,402.91,433.27,12.0293
1983-06-01,1701.2,408.1,13354.0,4883.2,718.4,412.84,422.37,11.739
1983-05-01,1765.7,433.1,13522.9,5031.6,735.6,438.01,448.52,12.9162
1983-04-01,1674.9,457.6,13792.8,4817.8,697.5,432.88,413.68,11.6129
1983-03-01,1597.7,443.3,13426.0,4831.9,678.4,419.7,401.06,10.6403
1983-02-01,1647.4,454.5,13034.2,4228.2,681.4,491.09,464.51,13.9756
1983-01-01,1571.9,475.3,12082.6,3797.0,699.1,481.29,452.85,12.339
1982-12-01,1473.2,448.0,11992.9,3576.3,668.5,444.5,368.72,10.5691
1982-11-01,1443.8,462.4,11981.9,3433.7,710.0,414.89,345.91,9.7906
1982-10-01,1461.0,497.4,12413.8,3916.5,751.3,422.15,334.54,9.3875
1982-09-01,1426.5,515.3,12675.7,4310.3,749.5,437.31,334.13,8.7818
1982-08-01,1451.5,522.9,12195.7,4953.1,715.5,364.23,296.81,7.1078
1982-07-01,1440.9,552.4,11316.6,5068.6,726.9,338.97,287.97,6.4626
1982-06-01,1300.0,520.7,11087.0,5186.6,691.9,314.98,276.26,5.5616
1982-05-01,1527.7,574.7,12735.9,5211.9,750.2,333.71,310.39,6.6834
1982-04-01,1521.7,574.7,12618.1,5394.0,742.5,350.3,337.93,7.3087
1982-03-01,1510.4,612.5,12766.3,5653.3,789.7,330.25,317.62,7.2327
1982-02-01,1598.0,618.0,15992.6,5716.8,822.9,374.13,359.63,8.2848
1982-01-01,1610.6,648.2,16133.1,5628.8,818.5,384.14,369.59,7.9881
1981-12-01,1655.3,674.3,15951.5,5496.1,845.5,410.09,399.45,8.4481
1981-11-01,1651.4,666.0,15836.2,5100.2,876.9,413.37,397.07,8.5389
1981-10-01,1666.3,716.5,15112.6,5216.8,891.7,437.76,420.25,9.2282
1981-09-01,1710.4,763.6,14935.1,5579.0,939.2,443.75,435.61,10.0502
1981-08-01,1787.0,824.0,14485.0,5999.2,955.0,410.16,417.6,8.9159
1981-07-01,1681.9,784.3,13358.0,6150.2,865.1,409.07,406.71,8.5812
1981-06-01,1700.0,712.1,12603.5,6169.4,840.0,461.09,443.42,9.9981
1981-05-01,1742.0,696.9,12663.5,6352.2,851.0,479.7,461.92,10.8502
1981-04-01,1821.0,758.7,13365.0,6307.0,824.0,495.8,481.17,11.4736
1981-03-01,1818.0,729.7,13633.0,6292.4,751.0,499.11,490.88,12.3407
1981-02-01,1801.0,689.3,13633.4,6370.7,731.0,499.76,479.69,13.0646
1981-01-01,1869.1,705.3,14332.7,6403.8,777.4,557.39,536.01,14.7885
1980-12-01,1879.0,743.0,14707.0,6391.0,784.0,538.26,604.34,16.4618
1980-11-01,2010.0,813.0,15615.5,6452.7,802.0,624.77,632.6,18.5823
1980-10-01,2040.0,879.0,16692.1,6691.9,805.0,661.15,675.6,20.2004
1980-09-01,2060.0,883.0,17308.3,6655.3,796.0,673.63,695.88,19.8868
1980-08-01,2082.1,853.0,17018.4,6584.5,769.0,627.15,644.24,15.9418
1980-07-01,2176.0,811.0,17090.8,6622.2,714.0,643.27,670.35,16.322
1980-06-01,2006.0,739.0,17223.9,6294.9,678.1,600.72,641.84,15.7834
1980-05-01,2037.0,772.0,17041.7,6000.8,691.5,513.8,559.65,12.6761
1980-04-01,2070.0,969.0,17017.2,6233.3,708.0,517.41,589.06,14.9487
1980-03-01,2306.0,1121.0,17470.3,6733.8,743.0,553.58,746.54,24.73
1980-02-01,2918.0,1168.0,17100.4,6978.9,870.0,665.32,882.31,35.2435
1980-01-01,2601.0,1118.0,17013.0,6584.8,774.0,675.31,806.79,38.8756
1979-12-01,2214.0,1233.0,16986.6,6945.0,751.0,455.08,600.53,22.4504
1979-11-01,2090.0,1225.0,16360.5,6614.0,702.0,391.99,505.64,16.6502
1979-10-01,2075.9,1319.0,16012.2,6614.0,707.0,391.66,519.87,16.6331
1979-09-01,2095.9,1231.0,15399.3,6614.0,724.0,354.95,462.93,13.7593
1979-08-01,1976.4,1213.0,14793.0,6614.0,665.0,300.82,394.34,9.3067
1979-07-01,1814.0,1272.0,15780.7,6614.0,722.0,294.74,411.79,9.0545
1979-06-01,1877.9,1382.0,16135.6,6519.0,754.0,279.07,430.29,8.5596
1979-05-01,1926.0,1239.0,15361.8,5968.0,778.0,257.59,430.39,8.376
1979-04-01,2100.0,1161.0,15136.9,5379.0,789.0,239.11,391.16,7.4371
1979-03-01,2050.0,1177.0,15022.3,4819.0,795.0,242.05,397.76,7.4159
1979-02-01,1944.0,1055.0,14526.2,4546.0,793.0,245.67,410.41,7.3494
1979-01-01,1659.0,992.0,13853.8,4586.0,720.0,227.28,358.47,6.2027
1978-12-01,1533.0,859.0,14153.7,4586.0,687.0,207.85,340.44,5.935
1978-11-01,1481.0,824.0,15035.5,4586.0,695.0,206.2,328.51,5.8724
1978-10-01,1506.0,830.0,15256.0,4586.0,713.0,227.44,331.83,5.9447
1978-09-01,1442.0,693.0,13889.1,4586.0,634.0,212.08,269.34,5.5884
1978-08-01,1426.0,639.0,12994.5,4586.0,618.0,206.3,267.35,5.5361
1978-07-01,1337.0,582.0,12414.2,4586.0,584.0,188.73,245.64,5.3613
1978-06-01,1333.0,570.0,12356.9,4645.0,578.0,183.75,244.96,5.3288
1978-05-01,1303.0,545.0,11704.3,4696.0,562.0,176.31,232.73,5.1337
1978-04-01,1285.0,573.0,11005.5,4696.0,553.0,175.28,214.09,5.1672
1978-03-01,1254.0,582.0,11422.1,4586.0,507.0,183.61,226.78,5.2731
1978-02-01,1217.0,582.0,12149.7,4586.0,478.0,178.14,224.41,4.9607
1978-01-01,1261.0,664.0,12121.0,4586.0,518.0,173.18,201.73,4.9238
1977-12-01,1261.0,686.0,12784.6,4586.0,538.0,160.45,177.35,4.7168
1977-11-01,1182.0,633.0,12676.6,4586.0,525.0,162.1,169.67,4.8258
1977-10-01,1210.0,615.0,12153.8,4586.0,511.0,158.95,157.62,4.7586
1977-09-01,1195.0,582.0,11157.6,5313.0,518.0,149.53,150.33,4.538
1977-08-01,1160.0,551.0,11309.7,5313.0,520.0,144.94,148.86,4.4732
1977-07-01,1248.0,562.0,10416.8,5313.0,542.0,143.39,149.57,4.5323
1977-06-01,1312.0,567.0,9627.6,5313.0,542.0,140.78,150.36,4.4815
1977-05-01,1371.0,661.0,9843.6,5282.0,611.0,146.61,156.55,4.6998
1977-04-01,1429.0,648.0,9596.7,5187.0,655.0,149.17,160.74,4.79
1977-03-01,1515.0,703.0,10372.7,5313.0,719.0,148.23,162.99,4.8653
1977-02-01,1426.0,648.0,10227.2,5313.0,703.0,136.24,161.27,4.5325
1977-01-01,1396.0,560.0,9486.5,5313.0,692.0,132.26,154.55,4.4192
1976-12-01,1287.0,478.0,8399.6,5313.0,642.0,133.93,151.99,4.3601
1976-11-01,1279.0,459.0,8121.8,5313.0,604.0,130.46,156.83,4.3533
1976-10-01,1285.0,465.0,7971.9,5313.0,639.0,116.15,157.9,4.2195
1976-09-01,1459.0,481.0,7960.9,4938.0,712.0,114.15,158.24,4.3035
1976-08-01,1539.0,483.0,8084.3,4850.0,741.0,109.93,156.15,4.2766
1976-07-01,1647.0,509.0,8496.6,4850.0,776.0,117.73,171.12,4.7606
1976-06-01,1550.0,476.0,7766.9,4850.0,750.0,125.71,163.54,4.81173
1976-05-01,1512.0,483.0,7449.4,4850.0,774.0,126.92,160.0,4.48845
1976-04-01,1510.0,454.0,7123.1,4850.0,789.0,127.94,160.0,4.35552
1976-03-01,1329.0,384.0,6902.7,4850.0,728.0,132.76,160.0,4.18913
1976-02-01,1219.0,348.0,6508.0,4850.0,690.0,131.06,160.0,4.08642
1976-01-01,1193.0,337.0,6241.3,4850.0,692.0,131.05,160.0,4.06265
1975-12-01,1151.0,333.1,6175.1,4852.0,686.0,139.3,160.0,4.08486
1975-11-01,1179.7,337.3,6281.0,4852.0,705.0,142.42,160.0,4.33244
1975-10-01,1178.8,344.6,6347.1,4852.0,706.0,142.79,172.17,4.32886
1975-09-01,1210.1,370.0,6558.7,4852.0,724.0,144.17,175.0,4.51595
1975-08-01,1277.1,383.6,6774.8,4431.0,737.0,163.0,175.0,4.9251
1975-07-01,1222.4,359.3,6810.1,4431.0,707.0,165.17,162.73,4.70455
1975-06-01,1193.0,353.4,6926.9,4431.0,751.0,164.24,160.0,4.48914
1975-05-01,1253.8,356.9,6898.3,4431.0,747.0,167.39,160.0,4.5381
1975-04-01,1329.2,479.5,7129.7,4431.0,783.0,169.84,163.06,4.20918
1975-03-01,1344.2,542.8,7383.3,4431.0,803.0,178.16,175.0,4.3315
1975-02-01,1266.5,541.2,7557.4,4431.0,794.0,179.6,180.53,4.37
1975-01-01,1211.2,538.4,7676.5,4431.0,799.0,176.27,195.0,4.1925
1974-12-01,1289.0,534.2,7202.5,4079.0,771.0,183.78,195.0,4.39125
1974-11-01,1416.7,534.2,7403.1,4079.0,794.0,181.66,195.0,4.69389
1974-10-01,1398.8,537.3,7409.7,4079.0,825.0,158.78,195.0,4.82977
1974-09-01,1460.5,539.3,9166.8,4079.0,911.0,151.75,195.0,4.04875
1974-08-01,1802.9,549.6,8787.6,4079.0,1066.0,154.64,195.0,4.43136
1974-07-01,1919.1,548.5,8547.3,4079.0,1097.0,142.98,195.0,4.41545
1974-06-01,2440.0,570.1,9041.1,3571.5,1410.0,154.1,195.0,4.8961
1974-05-01,2875.7,668.7,9305.7,3571.5,1782.0,163.27,174.55,5.43182
1974-04-01,3031.8,702.0,9206.5,3571.5,1743.0,172.24,172.5,5.03595
1974-03-01,2743.4,708.3,8218.8,3571.5,1630.0,168.42,172.5,5.32552
1974-02-01,2291.7,649.2,7418.5,3571.5,1516.0,150.13,172.5,5.35895
1974-01-01,2032.4,565.7,6503.6,3571.5,1330.0,129.19,162.68,3.63695
1973-12-01,2244.3,593.5,6461.7,3373.1,1623.0,106.72,160.5,3.1367
1973-11-01,2273.0,490.0,5573.3,3373.1,1625.0,94.92,160.5,2.8599
1973-10-01,2065.3,471.6,5359.4,3373.1,1163.0,100.08,160.5,2.8856
1973-09-01,1936.1,444.7,5011.1,3373.1,976.0,102.97,155.24,2.6751
1973-08-01,2123.0,447.5,5004.5,3373.1,914.0,106.76,152.5,2.6365
1973-07-01,2021.2,469.8,4962.6,3373.1,842.0,120.17,152.5,2.7056
1973-06-01,1748.7,425.3,4530.5,3373.1,656.0,120.12,152.5,2.6209
1973-05-01,1552.2,396.4,4347.5,3373.1,549.0,101.96,152.5,2.4012
1973-04-01,1588.4,387.1,4270.3,3373.1,513.0,90.5,152.5,2.2072
1973-03-01,1509.5,372.1,4288.0,3373.1,474.0,84.37,152.5,2.3092
1973-02-01,1243.6,339.9,4027.8,3373.1,422.0,74.2,141.97,2.2362
1973-01-01,1119.0,318.3,3789.7,3373.1,387.0,65.14,132.5,2.0166
1972-12-01,1024.4,308.4,3730.2,3079.9,375.0,63.91,132.5,1.976
1972-11-01,1007.1,298.0,3701.6,3079.9,378.9,62.91,132.5,1.8325
1972-10-01,917.5,297.2,3758.9,3079.9,363.7,64.86,132.5,1.8106
1972-09-01,1060.6,302.4,3803.0,3079.9,368.4,65.46,132.5,1.7767
1972-08-01,1046.7,297.8,3754.5,3079.9,363.5,67.03,132.5,1.8461
1972-07-01,1034.6,303.7,3732.4,3079.9,363.7,65.66,128.0,1.7358
1972-06-01,1063.2,311.9,3741.2,3079.9,371.0,62.09,122.5,1.569
1972-05-01,1106.4,317.9,3765.5,3079.9,386.2,54.62,122.5,1.583
1972-04-01,1133.0,315.9,3844.9,3079.9,395.0,49.03,122.5,1.572
1972-03-01,1108.2,320.5,3789.7,3079.9,397.4,48.33,122.5,1.5364
1972-02-01,1112.4,294.3,3631.0,3079.9,389.7,48.26,122.5,1.5036
1972-01-01,1078.0,251.9,3626.6,3079.9,379.8,45.75,122.5,1.4731
1971-12-01,1037.9,231.0,3670.7,2932.1,358.9,43.48,122.5,1.3935
1971-11-01,1013.9,221.8,3534.0,2932.1,344.4,42.86,122.5,1.3199
1971-10-01,1041.2,229.5,3489.9,2932.1,336.6,42.5,122.5,1.3358
1971-09-01,1056.4,239.2,3525.2,2932.1,311.2,42.03,122.5,1.4214
1971-08-01,1097.9,258.3,3478.9,2932.1,322.5,42.71,122.5,1.5866
1971-07-01,1115.3,261.9,3456.8,2932.1,317.6,40.95,122.5,1.5808
1971-06-01,1074.2,273.3,3448.0,2932.1,308.6,40.1,122.5,1.6081
1971-05-01,1114.4,264.5,3520.8,2932.1,287.7,40.52,122.5,1.6667
1971-04-01,1251.5,268.0,3562.7,2932.1,283.5,39.01,122.5,1.726
1971-03-01,1144.1,267.4,3527.4,2932.1,283.7,38.87,122.5,1.669
1971-02-01,1020.2,266.1,3463.5,2932.1,272.1,38.74,122.5,1.6003
1971-01-01,1010.0,262.5,3465.7,2932.1,284.6,37.88,129.0,1.6396
1970-12-01,1045.7,276.7,3496.5,2846.2,289.2,37.44,132.5,1.6348
1970-11-01,1085.3,279.9,3615.6,2846.2,293.2,37.44,132.5,1.7604
1970-10-01,1142.4,285.2,3668.5,2846.2,296.5,37.52,132.5,1.7458
1970-09-01,1246.9,284.8,3646.4,2846.2,300.0,36.19,132.5,1.8016
1970-08-01,1266.5,285.4,3620.0,2846.2,298.1,35.38,132.5,1.7977
1970-07-01,1366.6,300.7,3498.7,2846.2,298.1,35.32,132.5,1.6866
1970-06-01,1458.0,308.2,3542.8,2846.2,293.2,35.42,132.5,1.6394
1970-05-01,1597.9,291.6,3736.8,2846.2,291.7,35.95,132.5,1.67
1970-04-01,1741.6,321.2,3849.3,2846.2,293.4,35.62,132.5,1.8529
1970-03-01,1754.0,335.5,3796.4,2846.2,296.0,35.09,132.5,1.8885
1970-02-01,1657.2,341.0,3767.7,2846.2,298.0,34.99,132.5,1.8958
1970-01-01,1626.3,324.7,3842.7,2846.2,302.4,34.94,132.5,1.8765
1969-12-01,1699.76,334.0,3818.4,2363.4,310.2,35.17,132.5,1.8071
1969-11-01,1631.42,315.7,3642.0,2363.4,309.5,37.4,132.5,1.9231
1969-10-01,1554.48,293.7,3534.0,2363.4,298.9,40.44,122.75,1.8725
1969-09-01,1578.95,302.5,3470.1,2363.4,299.4,40.87,122.5,1.7855
1969-08-01,1606.73,315.9,3470.1,2363.4,293.9,41.09,122.5,1.6526
1969-07-01,1453.95,311.1,3439.2,2363.4,283.7,41.76,122.5,1.6183
1969-06-01,1483.04,285.5,3379.7,2363.4,281.3,41.44,122.5,1.6455
1969-05-01,1392.44,278.2,3355.4,2363.4,278.9,43.46,122.5,1.761
1969-04-01,1388.03,268.3,3304.7,2363.4,272.7,43.31,122.5,1.7781
1969-03-01,1278.46,261.2,3243.0,2363.4,271.6,43.16,122.5,1.8257
1969-02-01,1285.29,258.4,3245.2,2363.4,267.4,42.6,122.5,1.8397
1969-01-01,1255.53,254.2,3227.6,2363.4,269.4,42.3,122.5,1.9789
1968-12-01,1184.98,250.2,3258.4,2074.5,269.0,41.08,122.5,1.9593
1968-11-01,1099.88,248.5,3320.2,2074.5,264.1,39.78,122.5,2.0178
1968-10-01,1079.82,247.8,3110.7,2074.5,262.1,39.21,122.5,1.9728
1968-09-01,1110.03,251.5,3071.0,2074.5,263.0,40.18,122.5,2.2085
1968-08-01,1056.45,250.2,3062.2,2074.5,269.0,39.19,122.5,2.1946
1968-07-01,1054.25,247.1,3075.4,2074.5,265.7,39.46,122.5,2.3138
1968-06-01,1136.7,238.5,3084.3,2074.5,262.1,41.14,111.5,2.4641
1968-05-01,1096.58,237.7,3084.3,2074.5,261.5,40.7,111.5,2.3768
1968-04-01,1255.09,235.0,3106.3,2074.5,258.2,37.86,111.5,2.2028
1968-03-01,1701.08,233.9,3112.9,2074.5,257.5,37.0,111.5,2.1805
1968-02-01,1719.82,227.5,3110.7,2074.5,259.7,36.0,111.5,1.8547
1968-01-01,1408.75,218.0,3126.2,2074.5,262.8,35.5,114.0,1.9899
1967-12-01,1324.09,222.4,3192.3,1935.7,266.1,34.95,115.05,2.06
1967-11-01,1443.81,242.1,3298.1,1935.7,287.0,34.95,110.5,1.9532
1967-10-01,1138.47,225.7,3280.5,1935.7,263.9,34.95,110.5,1.7859
1967-09-01,1060.2,226.9,3267.2,1935.7,264.6,34.95,110.5,1.6795
1967-08-01,1044.55,232.3,3291.5,1935.7,268.7,34.95,110.5,1.7498
1967-07-01,997.37,231.3,3362.0,1935.7,267.2,34.95,110.5,1.5929
1967-06-01,1015.22,228.2,3366.5,1935.7,274.3,34.95,110.5,1.301
1967-05-01,1036.17,226.2,3357.6,1935.7,275.1,34.95,110.5,1.2959
1967-04-01,994.72,226.6,3351.0,1935.7,272.1,34.95,110.5,1.293
1967-03-01,1098.34,228.4,3318.0,1935.7,279.3,34.95,110.5,1.293
1967-02-01,1220.48,221.8,3309.1,1935.7,282.2,34.95,110.5,1.293
1967-01-01,1243.85,220.2,3302.5,1935.7,279.5,34.95,102.93,1.293
1966-12-01,1214.53,224.2,3335.6,1739.0,285.5,35.13,100.0,1.293
1966-11-01,1301.61,222.7,3320.2,1739.0,288.1,35.13,100.0,1.293
1966-10-01,1275.37,233.7,3362.0,1739.0,276.0,35.13,100.0,1.293
1966-09-01,1128.32,254.2,3377.5,1739.0,270.5,35.13,100.0,1.293
1966-08-01,1195.34,242.5,3428.2,1739.0,264.6,35.13,100.0,1.293
1966-07-01,1567.93,263.4,3514.2,1739.0,264.6,35.13,100.0,1.293
1966-06-01,1695.79,259.3,3516.4,1739.0,272.1,35.13,100.0,1.293
1966-05-01,1663.61,261.9,3688.3,1739.0,270.0,35.13,100.0,1.293
1966-04-01,1907.44,280.4,3763.3,1739.0,278.7,35.13,100.0,1.293
1966-03-01,1874.81,292.8,3772.1,1739.0,300.7,35.13,99.65,1.293
1966-02-01,1874.37,291.5,3877.9,1739.0,299.8,35.13,98.5,1.293
1966-01-01,1679.04,301.2,3926.4,1739.0,302.7,35.13,98.5,1.293
1965-12-01,1517.66,300.7,3869.1,1735.0,302.7,35.12,98.5,1.293
1965-11-01,1469.16,299.2,3820.6,1735.0,298.7,35.12,98.5,1.293
1965-10-01,1401.92,306.9,4010.2,1735.0,307.8,35.12,98.5,1.293
1965-09-01,1327.84,289.2,4208.6,1735.0,299.6,35.12,98.5,1.293
1965-08-01,1209.9,272.0,4091.8,1735.0,303.6,35.12,98.5,1.293
1965-07-01,1134.06,271.6,3966.1,1735.0,310.4,35.12,98.5,1.293
1965-06-01,1308.88,278.7,4131.5,1735.0,314.4,35.12,98.5,1.293
1965-05-01,1378.55,302.0,4215.2,1735.0,323.4,35.12,98.5,1.293
1965-04-01,1348.34,353.0,3944.1,1735.0,315.9,35.12,98.5,1.293
1965-03-01,1237.23,395.3,3584.7,1735.0,315.9,35.12,98.5,1.293
1965-02-01,1179.91,389.6,3390.7,1735.0,320.3,35.12,98.5,1.293
1965-01-01,1000.68,347.9,3456.8,1735.0,322.3,35.12,93.0,1.293
1964-12-01,1269.2,383.6,3633.2,1742.0,343.0,35.1,88.5,1.293
1964-11-01,1400.37,365.1,4105.0,1742.0,344.6,35.1,88.5,1.293
1964-10-01,1358.27,331.8,4371.8,1741.0,334.4,35.1,88.5,1.293
1964-09-01,1162.05,300.9,3933.0,1742.0,355.1,35.1,88.5,1.293
1964-08-01,999.33,300.9,3512.0,1742.0,345.2,35.1,88.5,1.293
1964-07-01,854.95,270.9,3452.4,1741.0,385.1,35.1,88.5,1.293
1964-06-01,808.43,246.3,3265.0,1742.0,357.1,35.1,88.5,1.293
1964-05-01,828.28,243.8,2910.1,1742.0,343.0,35.1,88.5,1.293
1964-04-01,861.56,226.8,2879.2,1741.0,298.7,35.1,88.5,1.293
1964-03-01,745.16,223.8,2958.6,1742.0,277.1,35.1,88.5,1.293
1964-02-01,693.79,223.1,3060.0,1742.0,270.5,35.1,88.5,1.293
1964-01-01,655.65,217.6,2872.6,1741.0,264.1,35.1,88.27,1.293
1963-12-01,650.14,204.8,2782.2,1742.0,261.0,35.09,83.5,1.293
1963-11-01,645.73,190.5,2687.4,1742.0,231.5,35.09,82.97,1.293
1963-10-01,645.51,192.0,2590.4,1741.0,220.9,35.09,80.5,1.293
1963-09-01,645.51,187.0,2572.8,1742.0,211.2,35.09,80.75,1.2926
1963-08-01,645.51,184.7,2495.6,1742.0,210.3,35.09,78.95,1.2878
1963-07-01,645.51,179.5,2482.4,1741.0,204.8,35.09,78.5,1.2899
1963-06-01,645.73,179.0,2500.0,1742.0,209.2,35.09,78.5,1.2768
1963-05-01,645.51,167.1,2495.6,1742.0,209.4,35.09,78.5,1.2787
1963-04-01,645.73,159.4,2427.3,1741.0,204.4,35.09,78.5,1.2729
1963-03-01,645.51,153.7,2358.9,1742.0,197.5,35.09,83.5,1.2714
1963-02-01,645.51,150.6,2350.1,1742.0,191.6,35.09,83.5,1.2564
1963-01-01,645.51,149.4,2350.1,1741.0,186.3,35.09,83.5,1.2438
1962-12-01,645.73,152.8,2365.6,1761.0,184.7,35.23,83.5,1.1987
1962-11-01,645.51,149.7,2407.4,1761.0,188.5,35.23,83.5,1.1917
1962-10-01,645.95,146.2,2358.9,1761.0,181.9,35.23,83.5,1.206
1962-09-01,645.51,143.1,2350.1,1761.0,176.6,35.23,83.5,1.1546
1962-08-01,645.51,140.7,2350.1,1761.0,178.1,35.23,83.5,1.083
1962-07-01,645.51,148.4,2376.6,1761.0,182.1,35.23,83.5,1.0355
1962-06-01,645.51,159.0,2414.1,1761.0,184.7,35.23,83.5,1.0227
1962-05-01,645.73,164.9,2533.1,1761.0,188.5,35.23,83.5,1.015
1962-04-01,645.95,166.7,2614.7,1761.0,191.4,35.23,83.5,1.015
1962-03-01,647.5,167.1,2652.2,1761.0,191.4,35.23,83.5,1.015
1962-02-01,647.94,161.9,2623.5,1761.0,189.6,35.23,83.5,1.0247
1962-01-01,635.37,162.9,2610.3,1761.0,193.6,35.23,83.5,1.0428
1961-12-01,634.85,166.7,2619.1,1711.0,196.9,35.25,83.5,1.0332
1961-11-01,632.28,166.4,2667.6,1711.0,191.8,35.25,83.5,0.9231
1961-10-01,630.3,172.5,2605.9,1711.0,198.2,35.25,83.5,0.9137
1961-09-01,632.72,176.4,2630.1,1711.0,203.7,35.25,83.5,0.9137
1961-08-01,636.47,178.4,2605.9,1711.0,210.8,35.25,83.5,0.9137
1961-07-01,633.39,178.8,2519.9,1711.0,214.7,35.25,83.5,0.9137
1961-06-01,652.12,178.4,2467.0,1711.0,217.8,35.25,83.5,0.9137
1961-05-01,668.44,183.6,2376.6,1711.0,227.1,35.25,83.5,0.9137
1961-04-01,631.84,185.0,2308.2,1711.0,231.3,35.25,83.5,0.9137
1961-03-01,621.26,181.7,2248.7,1711.0,233.2,35.25,83.5,0.9137
1961-02-01,616.63,179.9,2187.0,1711.0,228.2,35.25,83.5,0.9137
1961-01-01,606.71,175.9,2162.7,1711.0,218.0,35.25,83.5,0.9137
1960-12-01,636.91,179.2,2189.2,1631.0,228.2,35.27,83.5,0.9137
1960-11-01,642.13,188.1,2204.6,1631.0,241.4,35.27,83.5,0.9137
1960-10-01,612.66,185.2,2226.7,1631.0,242.3,35.27,83.5,0.9137
1960-09-01,647.06,192.7,2226.7,1631.0,240.1,35.27,83.5,0.9137
1960-08-01,675.94,195.3,2204.6,1631.0,241.0,35.27,83.5,0.9137
1960-07-01,702.39,196.2,2248.7,1631.0,248.7,35.27,83.5,0.9137
1960-06-01,691.59,202.4,2184.8,1631.0,249.8,35.27,83.5,0.9137
1960-05-01,684.75,213.4,2162.7,1631.0,253.8,35.27,83.5,0.9137
1960-04-01,723.11,213.6,2178.2,1631.0,254.6,35.27,83.5,0.9137
1960-03-01,684.94,210.3,2173.8,1631.0,248.7,35.27,83.5,0.9137
1960-02-01,728.19,203.7,2180.4,1631.0,244.9,35.27,83.5,0.9137
1960-01-01,715.4,206.1,2180.4,1631.0,260.8,35.27,83.5,0.9137
